comparison,case,compression,signed,metric,unit,base,candidate,limit,delta_percent
control,small_sql_repetitive,none,False,send_p95_us,us,61,58,64.05,-4.918032786885251
control,small_sql_repetitive,none,False,receive_p95_us,us,27,29,28.35,7.407407407407418
control,small_sql_repetitive,none,True,send_p95_us,us,65,71,68.25,9.23076923076922
control,small_sql_repetitive,none,True,receive_p95_us,us,37,57,38.85,54.054054054054056
control,small_sql_repetitive,auto,False,send_p95_us,us,218,239,228.9,9.633027522935777
control,small_sql_repetitive,auto,False,receive_p95_us,us,69,75,72.45,8.695652173913038
control,small_sql_repetitive,auto,True,send_p95_us,us,163,156,171.15,-4.294478527607359
control,small_sql_repetitive,auto,True,receive_p95_us,us,74,84,77.7,13.513513513513509
control,small_sql_repetitive,gzip,False,send_p95_us,us,236,280,247.8,18.644067796610166
control,small_sql_repetitive,gzip,False,receive_p95_us,us,66,89,69.3,34.84848484848484
control,small_sql_repetitive,gzip,True,send_p95_us,us,155,165,162.75,6.451612903225801
control,small_sql_repetitive,gzip,True,receive_p95_us,us,70,81,73.5,15.714285714285726
control,large_sql_low_compressibility,none,False,send_p95_us,us,7784,7624,8173.200000000001,-2.0554984583761593
control,large_sql_low_compressibility,none,False,receive_p95_us,us,8351,8888,8768.550000000001,6.4303676206442395
control,large_sql_low_compressibility,none,True,send_p95_us,us,5752,6319,6039.6,9.857440890125169
control,large_sql_low_compressibility,none,True,receive_p95_us,us,4516,5314,4741.8,17.67050487156776
control,large_sql_low_compressibility,auto,False,send_p95_us,us,10150,10611,10657.5,4.541871921182272
control,large_sql_low_compressibility,auto,False,receive_p95_us,us,7823,8050,8214.15,2.9017001150453803
control,large_sql_low_compressibility,auto,True,send_p95_us,us,8662,9491,9095.1,9.570537981990302
control,large_sql_low_compressibility,auto,True,receive_p95_us,us,4301,5311,4516.05,23.482910950941637
control,large_sql_low_compressibility,gzip,False,send_p95_us,us,10104,10560,10609.2,4.51306413301662
control,large_sql_low_compressibility,gzip,False,receive_p95_us,us,7897,8933,8291.85,13.118905913638091
control,large_sql_low_compressibility,gzip,True,send_p95_us,us,8846,9698,9288.300000000001,9.631471851684381
control,large_sql_low_compressibility,gzip,True,receive_p95_us,us,4522,5002,4748.1,10.614772224679347
control,large_incompressible_blob,none,False,send_p95_us,us,7799,7977,8188.950000000001,2.282343890242333
control,large_incompressible_blob,none,False,receive_p95_us,us,2696,2584,2830.8,-4.154302670623144
control,large_incompressible_blob,none,True,send_p95_us,us,5476,5841,5749.8,6.665449233016796
control,large_incompressible_blob,none,True,receive_p95_us,us,1516,1626,1591.8,7.255936675461738
control,large_incompressible_blob,auto,False,send_p95_us,us,22398,22581,23517.9,0.8170372354674438
control,large_incompressible_blob,auto,False,receive_p95_us,us,8300,8451,8715.0,1.8192771084337256
control,large_incompressible_blob,auto,True,send_p95_us,us,19041,19620,19993.05,3.040806680321406
control,large_incompressible_blob,auto,True,receive_p95_us,us,5526,5578,5802.3,0.9410061527325375
control,large_incompressible_blob,gzip,False,send_p95_us,us,21819,22409,22909.95,2.7040652642192686
control,large_incompressible_blob,gzip,False,receive_p95_us,us,8316,8350,8731.800000000001,0.4088504088504141
control,large_incompressible_blob,gzip,True,send_p95_us,us,19254,20179,20216.7,4.804196530591054
control,large_incompressible_blob,gzip,True,receive_p95_us,us,5462,5702,5735.1,4.393994873672646
forward,small_sql_repetitive,none,False,send_p95_us,us,83,62,87.15,-25.30120481927711
forward,small_sql_repetitive,none,False,receive_p95_us,us,40,31,42.0,-22.499999999999996
forward,small_sql_repetitive,none,True,send_p95_us,us,100,89,105.0,-10.999999999999998
forward,small_sql_repetitive,none,True,receive_p95_us,us,62,59,65.10000000000001,-4.8387096774193505
forward,small_sql_repetitive,auto,False,send_p95_us,us,270,325,283.5,20.370370370370374
forward,small_sql_repetitive,auto,False,receive_p95_us,us,63,84,66.15,33.33333333333333
forward,small_sql_repetitive,auto,True,send_p95_us,us,232,196,243.60000000000002,-15.517241379310342
forward,small_sql_repetitive,auto,True,receive_p95_us,us,111,105,116.55000000000001,-5.405405405405405
forward,small_sql_repetitive,gzip,False,send_p95_us,us,291,255,305.55,-12.371134020618557
forward,small_sql_repetitive,gzip,False,receive_p95_us,us,88,86,92.4,-2.2727272727272707
forward,small_sql_repetitive,gzip,True,send_p95_us,us,191,201,200.55,5.235602094240832
forward,small_sql_repetitive,gzip,True,receive_p95_us,us,100,102,105.0,2.0000000000000018
forward,large_sql_low_compressibility,none,False,send_p95_us,us,10336,8738,10852.800000000001,-15.460526315789469
forward,large_sql_low_compressibility,none,False,receive_p95_us,us,10474,9285,10997.7,-11.351919037616954
forward,large_sql_low_compressibility,none,True,send_p95_us,us,9619,9407,10099.95,-2.2039713067886435
forward,large_sql_low_compressibility,none,True,receive_p95_us,us,7603,10742,7983.150000000001,41.28633434170723
forward,large_sql_low_compressibility,auto,False,send_p95_us,us,13331,11687,13997.550000000001,-12.332158127672344
forward,large_sql_low_compressibility,auto,False,receive_p95_us,us,9964,8303,10462.2,-16.670012043356085
forward,large_sql_low_compressibility,auto,True,send_p95_us,us,16078,12466,16881.9,-22.465480781191694
forward,large_sql_low_compressibility,auto,True,receive_p95_us,us,7727,6835,8113.35,-11.543936844829815
forward,large_sql_low_compressibility,gzip,False,send_p95_us,us,14362,12684,15080.1,-11.683609525135774
forward,large_sql_low_compressibility,gzip,False,receive_p95_us,us,10251,8563,10763.550000000001,-16.466686176958344
forward,large_sql_low_compressibility,gzip,True,send_p95_us,us,11618,12464,12198.9,7.281804097090716
forward,large_sql_low_compressibility,gzip,True,receive_p95_us,us,7109,7494,7464.450000000001,5.415670277113516
forward,large_incompressible_blob,none,False,send_p95_us,us,9549,9168,10026.45,-3.9899465912661025
forward,large_incompressible_blob,none,False,receive_p95_us,us,3505,2921,3680.25,-16.661911554921538
forward,large_incompressible_blob,none,True,send_p95_us,us,9809,9210,10299.45,-6.106636762157203
forward,large_incompressible_blob,none,True,receive_p95_us,us,2830,2887,2971.5,2.0141342756183844
forward,large_incompressible_blob,auto,False,send_p95_us,us,27518,24467,28893.9,-11.087288320372124
forward,large_incompressible_blob,auto,False,receive_p95_us,us,10097,9939,10601.85,-1.5648212340299117
forward,large_incompressible_blob,auto,True,send_p95_us,us,30506,24688,32031.300000000003,-19.07165803448502
forward,large_incompressible_blob,auto,True,receive_p95_us,us,8356,9371,8773.800000000001,12.146960268070849
forward,large_incompressible_blob,gzip,False,send_p95_us,us,31168,25131,32726.4,-19.36922484599589
forward,large_incompressible_blob,gzip,False,receive_p95_us,us,11446,9921,12018.300000000001,-13.323431766556004
forward,large_incompressible_blob,gzip,True,send_p95_us,us,25650,25016,26932.5,-2.471734892787525
forward,large_incompressible_blob,gzip,True,receive_p95_us,us,8299,10109,8713.95,21.809856609230028
reverse,small_sql_repetitive,none,False,send_p95_us,us,58,63,60.900000000000006,8.62068965517242
reverse,small_sql_repetitive,none,False,receive_p95_us,us,33,36,34.65,9.090909090909083
reverse,small_sql_repetitive,none,True,send_p95_us,us,78,89,81.9,14.102564102564097
reverse,small_sql_repetitive,none,True,receive_p95_us,us,46,48,48.300000000000004,4.347826086956519
reverse,small_sql_repetitive,auto,False,send_p95_us,us,258,273,270.90000000000003,5.813953488372103
reverse,small_sql_repetitive,auto,False,receive_p95_us,us,80,85,84.0,6.25
reverse,small_sql_repetitive,auto,True,send_p95_us,us,225,223,236.25,-0.8888888888888835
reverse,small_sql_repetitive,auto,True,receive_p95_us,us,116,94,121.80000000000001,-18.965517241379317
reverse,small_sql_repetitive,gzip,False,send_p95_us,us,248,277,260.40000000000003,11.693548387096776
reverse,small_sql_repetitive,gzip,False,receive_p95_us,us,83,89,87.15,7.2289156626506035
reverse,small_sql_repetitive,gzip,True,send_p95_us,us,204,204,214.20000000000002,0.0
reverse,small_sql_repetitive,gzip,True,receive_p95_us,us,100,98,105.0,-2.0000000000000018
reverse,large_sql_low_compressibility,none,False,send_p95_us,us,9119,9810,9574.95,7.5775852615418415
reverse,large_sql_low_compressibility,none,False,receive_p95_us,us,10194,9857,10703.7,-3.3058661958014546
reverse,large_sql_low_compressibility,none,True,send_p95_us,us,8055,9341,8457.75,15.965238981998752
reverse,large_sql_low_compressibility,none,True,receive_p95_us,us,5885,10392,6179.25,76.58453695836873
reverse,large_sql_low_compressibility,auto,False,send_p95_us,us,12864,13124,13507.2,2.0211442786069567
reverse,large_sql_low_compressibility,auto,False,receive_p95_us,us,10264,9116,10777.2,-11.184723304754485
reverse,large_sql_low_compressibility,auto,True,send_p95_us,us,11475,11917,12048.75,3.851851851851862
reverse,large_sql_low_compressibility,auto,True,receive_p95_us,us,5274,5629,5537.7,6.731133864239669
reverse,large_sql_low_compressibility,gzip,False,send_p95_us,us,12629,11772,13260.45,-6.785968801963738
reverse,large_sql_low_compressibility,gzip,False,receive_p95_us,us,9963,9079,10461.15,-8.872829469035427
reverse,large_sql_low_compressibility,gzip,True,send_p95_us,us,14385,11910,15104.25,-17.205422314911367
reverse,large_sql_low_compressibility,gzip,True,receive_p95_us,us,7165,5308,7523.25,-25.91765526866713
reverse,large_incompressible_blob,none,False,send_p95_us,us,10030,8959,10531.5,-10.677966101694913
reverse,large_incompressible_blob,none,False,receive_p95_us,us,3087,2837,3241.3500000000004,-8.098477486232591
reverse,large_incompressible_blob,none,True,send_p95_us,us,8766,8871,9204.300000000001,1.1978097193702908
reverse,large_incompressible_blob,none,True,receive_p95_us,us,2527,2616,2653.35,3.5219628017411964
reverse,large_incompressible_blob,auto,False,send_p95_us,us,26238,24187,27549.9,-7.816906776431132
reverse,large_incompressible_blob,auto,False,receive_p95_us,us,10092,9562,10596.6,-5.251684502576293
reverse,large_incompressible_blob,auto,True,send_p95_us,us,25594,24264,26873.7,-5.196530436821134
reverse,large_incompressible_blob,auto,True,receive_p95_us,us,7239,9711,7600.950000000001,34.14836303356816
reverse,large_incompressible_blob,gzip,False,send_p95_us,us,26183,24690,27492.15,-5.7021731657945995
reverse,large_incompressible_blob,gzip,False,receive_p95_us,us,9321,9627,9787.050000000001,3.2829095590601876
reverse,large_incompressible_blob,gzip,True,send_p95_us,us,24193,24422,25402.65,0.9465547885752157
reverse,large_incompressible_blob,gzip,True,receive_p95_us,us,6960,9557,7308.0,37.31321839080459
